"Id";"Designator";"Footprint";"Quantity";"Designation";"Supplier and ref";
1;"U10,U8";"INDM8681X400N";2;"IHLP3232DZER3R3M51";;;
2;"Q6,Q2";"FDMS86255";2;"FDMS8672AS";;;
3;"Q5,Q1";"FDMS86255";2;"FDMS8692";;;
4;"J8";"TE_1-2199119-5";1;"1-2199119-5";;;
5;"IC4";"QFN40P300X300X95-25N-D";1;"MPU-6500";;;
6;"C54,C2";"T490B";2;"T490B227M006ATE500";;;
7;"J12";"MOLEX_104224-0820_etrafitemiz";1;"104224-0820";;;
8;"J11,J5";"RJ45_Amphenol_54602-x08_Horizontal_etrafitemiz";2;"RJ45";;;
9;"R42";"R_0603_1608Metric";1;"2.2K";;;
10;"R10,R35,R36";"R_0603_1608Metric";3;"470R";;;
11;"C39,C38";"C_0402_1005Metric";2;"33pF";;;
12;"C31,C30";"C_0603_1608Metric";2;"1000pF";;;
13;"R25,R28,R26,R27";"R_0603_1608Metric";4;"4.7K";;;
14;"R16,R17";"R_0603_1608Metric";2;"27R";;;
15;"R20,R12,R49,R18,R34,R19,R7,R11";"R_0603_1608Metric";8;"10K";;;
16;"C19,C18";"C_0402_1005Metric";2;"1uF";;;
17;"R29,R30";"R_0603_1608Metric";2;"47K";;;
18;"C13";"C_0603_1608Metric_Pad1.08x0.95mm_HandSolder";1;"105pF";;;
19;"C44,C37";"C_0402_1005Metric";2;"0.1uF";;;
20;"Q3";"SOT-23";1;"MMBT3904";;;
21;"C35,C40,C41,C46,C47,C5,C3,C57,C50,C58,C60,C56,C55,C59,C52";"C_0603_1608Metric";15;"0.1uF";;;
22;"R50,R22,R51,R56,R53,R57,R54";"R_0603_1608Metric";7;"DNP";;;
23;"C11,C9";"CP_Elec_5x5.4";2;"470uF 50V";;;
24;"U4";"SSOP-28_3.9x9.9mm_P0.635mm";1;"FE1.1s";;;
25;"C32";"C_0603_1608Metric";1;"22pF";;;
26;"R52,R32,R31";"R_0603_1608Metric";3;"100K";;;
27;"R38,R24,R37";"R_0603_1608Metric";3;"22R";;;
28;"C20,C27,C21,C26,C22,C25,C23,C17,C16,C24";"C_0402_1005Metric";10;"100nF";;;
29;"J6";"PinHeader_2x20_P2.54mm_Vertical";1;"Female Pin Header 2x20";;;
30;"C8";"C_0603_1608Metric";1;"3.3nF";;;
31;"R39";"R_0603_1608Metric";1;"51K";;;
32;"C43,C14,C42,C15";"C_0402_1005Metric";4;"27pF";;;
33;"C28,C29";"C_0603_1608Metric";2;"0.01uF";;;
34;"R21,R13,R48,R6";"R_0603_1608Metric";4;"1K";;;
35;"IC3";"SOIC127P600X175-8N";1;"XL1509-ADJE1";;;
36;"C45,C1";"C_0402_1005Metric";2;"10uF";;;
37;"R43";"R_0603_1608Metric";1;"150R";;;
38;"C36,C33";"C_0603_1608Metric";2;"100nF";;;
39;"R40,R41";"R_0603_1608Metric";2;"75R";;;
40;"R23";"R_0603_1608Metric";1;"15K";;;
41;"T1";"H1102NL";1;"H1102NL";;;
42;"Q4";"SOT-23_BEC";1;"SS8050";;;
43;"R14";"R_0603_1608Metric";1;"200R";;;
44;"L3";"L_12x12mm_H8mm";1;"SMDRI127-470MT(47uH)";;;
45;"LED3,LED1,LED6,LED2";"LEDC2012X80N";4;"150080VS75000";;;
46;"J4";"PinSocket_1x05_P2.00mm_Vertical";1;"Conn_01x05_Male";;;
47;"C34";"C_0603_1608Metric";1;"10nF";;;
48;"C48,C7";"C_0603_1608Metric";2;"10uF";;;
49;"J15";"PhoenixContact_MSTBA_2,5_2-G-5,08_1x02_P5.08mm_Horizontal";1;"DNP";;;
50;"J7";"PinHeader_2x02_P2.54mm_Vertical";1;"Conn_01x04_Female";;;
51;"J2";"JST_PH_B2B-PH-K_1x02_P2.00mm_Vertical";1;"Conn_01x02_Female";;;
52;"D7";"SON35P100X100X40-6N";1;"TPD5E003DPFR";;;
53;"U9";"SOIC-8_3.9x4.9mm_P1.27mm";1;"PCF8563T";;;
54;"U6";"SOIC127P600X175-8N";1;"MAX485E";;;
55;"J10";"PinHeader_2x04_P2.54mm_Vertical_SMD";1;"Female Pin Header Odd_Even";;;
56;"R33";"R_0603_1608Metric";1;"2.7K";;;
57;"J3";"PinHeader_2x04_P2.54mm_Vertical_SMD";1;"Conn_02x04_Odd_Even";;;
58;"U7";"SOIC-8_5.23x5.23mm_P1.27mm";1;"W25Q128JVS";;;
59;"D6";"DIOM4325X250N";1;"SS14";;;
60;"J9";"JST_SH_BM08B-SRSS-TB_1x08-1MP_P1.00mm_Vertical";1;"Conn_01x08_Female";;;
61;"R47";"R_0603_1608Metric";1;"0R";;;
62;"U5";"RP2040-QFN-56";1;"RP2040";;;
63;"FL1";"BLM21BB050SH1D";1;"BLM21BB050SN1D";;;
64;"D3,D4";"2SS100LW";2;"2SS100L-W";;;
65;"R15";"R_0603_1608Metric";1;"1R";;;
66;"R8";"R_0603_1608Metric";1;"2.1K";;;
67;"Y3,Y1";"Crystal_SMD_3225-4Pin_3.2x2.5mm";2;"Crystal_GND24";;;
68;"Y2";"Crystal_AT310_D3.0mm_L10.0mm_Horizontal";1;"32.768 KHz";;;
69;"IC2";"QFN50P500X500X80-33N-D";1;"TPS51220ARTVR";;;
70;"J1";"USB_A_CNCTech_1001-011-01101_Horizontal";1;"USB_A";;;
71;"C4,C51";"C_0603_1608Metric";2;"220pF";;;
72;"R45,R2";"R_1206_3216Metric";2;"6m R";;;
73;"C53,C6";"C_1210_3225Metric";2;"GRM32DR71E106K";;;
74;"C10";"C_0603_1608Metric";1;"0.22uF";;;
75;"R9,R4";"R_0603_1608Metric";2;"1.2K";;;
76;"R46";"R_0603_1608Metric";1;"62K";;;
77;"C49";"CAPPRD508W154D1200H850";1;"FYD0H473ZF";;;
78;"U2,U3";"SOT-23";2;"TLV76033DBZT";;;
79;"R3";"R_0603_1608Metric";1;"30K";;;
80;"R44";"R_0603_1608Metric";1;"27K";;;
81;"R5";"R_0603_1608Metric";1;"270K";;;
82;"J16";"PinHeader_1x08_P2.54mm_Vertical_SMD_Pin1Right";1;"DNP";;;
83;"J13,J14";"PinHeader_1x06_P2.54mm_Vertical_SMD_Pin1Left";2;"Conn_01x06_Female";;;
84;"C12";"C_0603_1608Metric";1;"1uF";;;
85;"R1";"R_0603_1608Metric";1;"120K";;;
